{"mean": [0.1430342718355017, 0.1430305620930553, 0.14302685235060897], "std": [0.09696325388009493, 0.09691227595754569, 0.09686127120416763]}