{"std": [0.0979543321185171, 0.09791953669338103, 0.09788472009243125], "mean": [0.1436941114418647, 0.1436719685843011, 0.1436498257267375]}