{"mean": [0.14387017108692843, 0.14384463944154627, 0.14381222436942304], "std": [0.09810758360697293, 0.09806139861110127, 0.09803574288891116]}